{
   "info": {
      "face": "Arial1",
      "size": "50",
      "bold": "1",
      "italic": "0",
      "charset": "",
      "unicode": "1",
      "stretchH": "100",
      "smooth": "1",
      "aa": "1",
      "padding": "0,0,0,0",
      "spacing": "20,1",
      "outline": "0"
   },
   "common": {
      "lineHeight": "49",
      "base": "39",
      "scaleW": "512",
      "scaleH": "512",
      "pages": "1",
      "packed": "0",
      "alphaChnl": "4",
      "redChnl": "0",
      "greenChnl": "0",
      "blueChnl": "0"
   },
   "pages": {
      "page": {
         "id": "0",
         "file": "test1_0.png"
      }
   },
   "chars": {
      "count": "206",
      "char": [
         {
            "id": "32",
            "x": "487",
            "y": "117",
            "width": "3",
            "height": "1",
            "xoffset": "-1",
            "yoffset": "48",
            "xadvance": "12",
            "page": "0",
            "chnl": "15"
         },
         {
            "id": "33",
            "x": "267",
            "y": "377",
            "width": "8",
            "height": "30",
            "xoffset": "3",
            "yoffset": "9",
            "xadvance": "14",
            "page": "0",
            "chnl": "15"
         },
         {
            "id": "34",
            "x": "383",
            "y": "471",
            "width": "17",
            "height": "11",
            "xoffset": "2",
            "yoffset": "9",
            "xadvance": "20",
            "page": "0",
            "chnl": "15"
         },
         {
            "id": "35",
            "x": "262",
            "y": "314",
            "width": "23",
            "height": "30",
            "xoffset": "0",
            "yoffset": "9",
            "xadvance": "23",
            "page": "0",
            "chnl": "15"
         },
         {
            "id": "36",
            "x": "354",
            "y": "119",
            "width": "21",
            "height": "36",
            "xoffset": "1",
            "yoffset": "7",
            "xadvance": "23",
            "page": "0",
            "chnl": "15"
         },
         {
            "id": "37",
            "x": "117",
            "y": "157",
            "width": "32",
            "height": "31",
            "xoffset": "1",
            "yoffset": "9",
            "xadvance": "35",
            "page": "0",
            "chnl": "15"
         },
         {
            "id": "38",
            "x": "100",
            "y": "254",
            "width": "29",
            "height": "30",
            "xoffset": "1",
            "yoffset": "9",
            "xadvance": "30",
            "page": "0",
            "chnl": "15"
         },
         {
            "id": "39",
            "x": "420",
            "y": "471",
            "width": "8",
            "height": "11",
            "xoffset": "1",
            "yoffset": "9",
            "xadvance": "10",
            "page": "0",
            "chnl": "15"
         },
         {
            "id": "40",
            "x": "394",
            "y": "80",
            "width": "12",
            "height": "38",
            "xoffset": "1",
            "yoffset": "9",
            "xadvance": "14",
            "page": "0",
            "chnl": "15"
         },
         {
            "id": "41",
            "x": "362",
            "y": "80",
            "width": "12",
            "height": "38",
            "xoffset": "1",
            "yoffset": "9",
            "xadvance": "14",
            "page": "0",
            "chnl": "15"
         },
         {
            "id": "42",
            "x": "86",
            "y": "485",
            "width": "15",
            "height": "14",
            "xoffset": "0",
            "yoffset": "9",
            "xadvance": "16",
            "page": "0",
            "chnl": "15"
         },
         {
            "id": "43",
            "x": "43",
            "y": "463",
            "width": "23",
            "height": "21",
            "xoffset": "1",
            "yoffset": "14",
            "xadvance": "25",
            "page": "0",
            "chnl": "15"
         },
         {
            "id": "44",
            "x": "295",
            "y": "473",
            "width": "8",
            "height": "13",
            "xoffset": "2",
            "yoffset": "33",
            "xadvance": "12",
            "page": "0",
            "chnl": "15"
         },
         {
            "id": "45",
            "x": "315",
            "y": "487",
            "width": "13",
            "height": "5",
            "xoffset": "1",
            "yoffset": "26",
            "xadvance": "14",
            "page": "0",
            "chnl": "15"
         },
         {
            "id": "46",
            "x": "150",
            "y": "499",
            "width": "8",
            "height": "6",
            "xoffset": "2",
            "yoffset": "33",
            "xadvance": "12",
            "page": "0",
            "chnl": "15"
         },
         {
            "id": "47",
            "x": "233",
            "y": "378",
            "width": "14",
            "height": "30",
            "xoffset": "-1",
            "yoffset": "9",
            "xadvance": "12",
            "page": "0",
            "chnl": "15"
         },
         {
            "id": "48",
            "x": "212",
            "y": "347",
            "width": "21",
            "height": "30",
            "xoffset": "1",
            "yoffset": "9",
            "xadvance": "23",
            "page": "0",
            "chnl": "15"
         },
         {
            "id": "49",
            "x": "477",
            "y": "313",
            "width": "14",
            "height": "30",
            "xoffset": "3",
            "yoffset": "9",
            "xadvance": "23",
            "page": "0",
            "chnl": "15"
         },
         {
            "id": "50",
            "x": "128",
            "y": "347",
            "width": "22",
            "height": "30",
            "xoffset": "0",
            "yoffset": "9",
            "xadvance": "23",
            "page": "0",
            "chnl": "15"
         },
         {
            "id": "51",
            "x": "253",
            "y": "346",
            "width": "21",
            "height": "30",
            "xoffset": "1",
            "yoffset": "9",
            "xadvance": "23",
            "page": "0",
            "chnl": "15"
         },
         {
            "id": "52",
            "x": "0",
            "y": "347",
            "width": "23",
            "height": "30",
            "xoffset": "0",
            "yoffset": "9",
            "xadvance": "23",
            "page": "0",
            "chnl": "15"
         },
         {
            "id": "53",
            "x": "294",
            "y": "345",
            "width": "21",
            "height": "30",
            "xoffset": "1",
            "yoffset": "9",
            "xadvance": "23",
            "page": "0",
            "chnl": "15"
         },
         {
            "id": "54",
            "x": "335",
            "y": "345",
            "width": "21",
            "height": "30",
            "xoffset": "1",
            "yoffset": "9",
            "xadvance": "23",
            "page": "0",
            "chnl": "15"
         },
         {
            "id": "55",
            "x": "376",
            "y": "345",
            "width": "21",
            "height": "30",
            "xoffset": "1",
            "yoffset": "9",
            "xadvance": "23",
            "page": "0",
            "chnl": "15"
         },
         {
            "id": "56",
            "x": "417",
            "y": "345",
            "width": "21",
            "height": "30",
            "xoffset": "1",
            "yoffset": "9",
            "xadvance": "23",
            "page": "0",
            "chnl": "15"
         },
         {
            "id": "57",
            "x": "0",
            "y": "378",
            "width": "21",
            "height": "30",
            "xoffset": "1",
            "yoffset": "9",
            "xadvance": "23",
            "page": "0",
            "chnl": "15"
         },
         {
            "id": "58",
            "x": "466",
            "y": "430",
            "width": "8",
            "height": "22",
            "xoffset": "3",
            "yoffset": "17",
            "xadvance": "14",
            "page": "0",
            "chnl": "15"
         },
         {
            "id": "59",
            "x": "111",
            "y": "409",
            "width": "8",
            "height": "29",
            "xoffset": "3",
            "yoffset": "17",
            "xadvance": "14",
            "page": "0",
            "chnl": "15"
         },
         {
            "id": "60",
            "x": "42",
            "y": "439",
            "width": "22",
            "height": "23",
            "xoffset": "1",
            "yoffset": "13",
            "xadvance": "25",
            "page": "0",
            "chnl": "15"
         },
         {
            "id": "61",
            "x": "0",
            "y": "485",
            "width": "23",
            "height": "14",
            "xoffset": "1",
            "yoffset": "17",
            "xadvance": "25",
            "page": "0",
            "chnl": "15"
         },
         {
            "id": "62",
            "x": "378",
            "y": "407",
            "width": "22",
            "height": "23",
            "xoffset": "1",
            "yoffset": "13",
            "xadvance": "25",
            "page": "0",
            "chnl": "15"
         },
         {
            "id": "63",
            "x": "391",
            "y": "314",
            "width": "23",
            "height": "30",
            "xoffset": "2",
            "yoffset": "9",
            "xadvance": "26",
            "page": "0",
            "chnl": "15"
         },
         {
            "id": "64",
            "x": "0",
            "y": "0",
            "width": "40",
            "height": "40",
            "xoffset": "1",
            "yoffset": "9",
            "xadvance": "41",
            "page": "0",
            "chnl": "15"
         },
         {
            "id": "65",
            "x": "432",
            "y": "220",
            "width": "31",
            "height": "30",
            "xoffset": "-1",
            "yoffset": "9",
            "xadvance": "29",
            "page": "0",
            "chnl": "15"
         },
         {
            "id": "66",
            "x": "0",
            "y": "285",
            "width": "27",
            "height": "30",
            "xoffset": "2",
            "yoffset": "9",
            "xadvance": "30",
            "page": "0",
            "chnl": "15"
         },
         {
            "id": "67",
            "x": "295",
            "y": "252",
            "width": "28",
            "height": "30",
            "xoffset": "1",
            "yoffset": "9",
            "xadvance": "30",
            "page": "0",
            "chnl": "15"
         },
         {
            "id": "68",
            "x": "439",
            "y": "251",
            "width": "27",
            "height": "30",
            "xoffset": "2",
            "yoffset": "9",
            "xadvance": "30",
            "page": "0",
            "chnl": "15"
         },
         {
            "id": "69",
            "x": "366",
            "y": "283",
            "width": "25",
            "height": "30",
            "xoffset": "2",
            "yoffset": "9",
            "xadvance": "28",
            "page": "0",
            "chnl": "15"
         },
         {
            "id": "70",
            "x": "348",
            "y": "314",
            "width": "23",
            "height": "30",
            "xoffset": "2",
            "yoffset": "9",
            "xadvance": "26",
            "page": "0",
            "chnl": "15"
         },
         {
            "id": "71",
            "x": "0",
            "y": "254",
            "width": "30",
            "height": "30",
            "xoffset": "1",
            "yoffset": "9",
            "xadvance": "33",
            "page": "0",
            "chnl": "15"
         },
         {
            "id": "72",
            "x": "93",
            "y": "285",
            "width": "26",
            "height": "30",
            "xoffset": "2",
            "yoffset": "9",
            "xadvance": "30",
            "page": "0",
            "chnl": "15"
         },
         {
            "id": "73",
            "x": "351",
            "y": "376",
            "width": "8",
            "height": "30",
            "xoffset": "2",
            "yoffset": "9",
            "xadvance": "12",
            "page": "0",
            "chnl": "15"
         },
         {
            "id": "74",
            "x": "123",
            "y": "378",
            "width": "20",
            "height": "30",
            "xoffset": "0",
            "yoffset": "9",
            "xadvance": "23",
            "page": "0",
            "chnl": "15"
         },
         {
            "id": "75",
            "x": "247",
            "y": "252",
            "width": "28",
            "height": "30",
            "xoffset": "2",
            "yoffset": "9",
            "xadvance": "30",
            "page": "0",
            "chnl": "15"
         },
         {
            "id": "76",
            "x": "456",
            "y": "282",
            "width": "24",
            "height": "30",
            "xoffset": "2",
            "yoffset": "9",
            "xadvance": "26",
            "page": "0",
            "chnl": "15"
         },
         {
            "id": "77",
            "x": "381",
            "y": "220",
            "width": "31",
            "height": "30",
            "xoffset": "2",
            "yoffset": "9",
            "xadvance": "35",
            "page": "0",
            "chnl": "15"
         },
         {
            "id": "78",
            "x": "321",
            "y": "283",
            "width": "25",
            "height": "30",
            "xoffset": "2",
            "yoffset": "9",
            "xadvance": "30",
            "page": "0",
            "chnl": "15"
         },
         {
            "id": "79",
            "x": "330",
            "y": "221",
            "width": "31",
            "height": "30",
            "xoffset": "1",
            "yoffset": "9",
            "xadvance": "33",
            "page": "0",
            "chnl": "15"
         },
         {
            "id": "80",
            "x": "276",
            "y": "283",
            "width": "25",
            "height": "30",
            "xoffset": "2",
            "yoffset": "9",
            "xadvance": "28",
            "page": "0",
            "chnl": "15"
         },
         {
            "id": "81",
            "x": "0",
            "y": "158",
            "width": "32",
            "height": "32",
            "xoffset": "1",
            "yoffset": "9",
            "xadvance": "33",
            "page": "0",
            "chnl": "15"
         },
         {
            "id": "82",
            "x": "343",
            "y": "252",
            "width": "28",
            "height": "30",
            "xoffset": "2",
            "yoffset": "9",
            "xadvance": "30",
            "page": "0",
            "chnl": "15"
         },
         {
            "id": "83",
            "x": "139",
            "y": "285",
            "width": "26",
            "height": "30",
            "xoffset": "1",
            "yoffset": "9",
            "xadvance": "28",
            "page": "0",
            "chnl": "15"
         },
         {
            "id": "84",
            "x": "185",
            "y": "284",
            "width": "26",
            "height": "30",
            "xoffset": "1",
            "yoffset": "9",
            "xadvance": "27",
            "page": "0",
            "chnl": "15"
         },
         {
            "id": "85",
            "x": "411",
            "y": "282",
            "width": "25",
            "height": "30",
            "xoffset": "2",
            "yoffset": "9",
            "xadvance": "30",
            "page": "0",
            "chnl": "15"
         },
         {
            "id": "86",
            "x": "198",
            "y": "252",
            "width": "29",
            "height": "30",
            "xoffset": "-1",
            "yoffset": "9",
            "xadvance": "28",
            "page": "0",
            "chnl": "15"
         },
         {
            "id": "87",
            "x": "0",
            "y": "223",
            "width": "41",
            "height": "30",
            "xoffset": "-1",
            "yoffset": "9",
            "xadvance": "39",
            "page": "0",
            "chnl": "15"
         },
         {
            "id": "88",
            "x": "391",
            "y": "251",
            "width": "28",
            "height": "30",
            "xoffset": "0",
            "yoffset": "9",
            "xadvance": "28",
            "page": "0",
            "chnl": "15"
         },
         {
            "id": "89",
            "x": "149",
            "y": "253",
            "width": "29",
            "height": "30",
            "xoffset": "-1",
            "yoffset": "9",
            "xadvance": "28",
            "page": "0",
            "chnl": "15"
         },
         {
            "id": "90",
            "x": "47",
            "y": "285",
            "width": "26",
            "height": "30",
            "xoffset": "0",
            "yoffset": "9",
            "xadvance": "26",
            "page": "0",
            "chnl": "15"
         },
         {
            "id": "91",
            "x": "298",
            "y": "80",
            "width": "12",
            "height": "38",
            "xoffset": "2",
            "yoffset": "9",
            "xadvance": "14",
            "page": "0",
            "chnl": "15"
         },
         {
            "id": "92",
            "x": "199",
            "y": "378",
            "width": "14",
            "height": "30",
            "xoffset": "-1",
            "yoffset": "9",
            "xadvance": "12",
            "page": "0",
            "chnl": "15"
         },
         {
            "id": "93",
            "x": "330",
            "y": "80",
            "width": "12",
            "height": "38",
            "xoffset": "0",
            "yoffset": "9",
            "xadvance": "14",
            "page": "0",
            "chnl": "15"
         },
         {
            "id": "94",
            "x": "271",
            "y": "456",
            "width": "21",
            "height": "16",
            "xoffset": "2",
            "yoffset": "8",
            "xadvance": "25",
            "page": "0",
            "chnl": "15"
         },
         {
            "id": "95",
            "x": "381",
            "y": "484",
            "width": "25",
            "height": "4",
            "xoffset": "-1",
            "yoffset": "43",
            "xadvance": "23",
            "page": "0",
            "chnl": "15"
         },
         {
            "id": "96",
            "x": "89",
            "y": "500",
            "width": "11",
            "height": "6",
            "xoffset": "0",
            "yoffset": "9",
            "xadvance": "14",
            "page": "0",
            "chnl": "15"
         },
         {
            "id": "97",
            "x": "125",
            "y": "439",
            "width": "21",
            "height": "23",
            "xoffset": "1",
            "yoffset": "16",
            "xadvance": "23",
            "page": "0",
            "chnl": "15"
         },
         {
            "id": "98",
            "x": "43",
            "y": "347",
            "width": "23",
            "height": "30",
            "xoffset": "2",
            "yoffset": "9",
            "xadvance": "26",
            "page": "0",
            "chnl": "15"
         },
         {
            "id": "99",
            "x": "462",
            "y": "406",
            "width": "22",
            "height": "23",
            "xoffset": "1",
            "yoffset": "16",
            "xadvance": "23",
            "page": "0",
            "chnl": "15"
         },
         {
            "id": "100",
            "x": "305",
            "y": "314",
            "width": "23",
            "height": "30",
            "xoffset": "1",
            "yoffset": "9",
            "xadvance": "26",
            "page": "0",
            "chnl": "15"
         },
         {
            "id": "101",
            "x": "84",
            "y": "439",
            "width": "21",
            "height": "23",
            "xoffset": "1",
            "yoffset": "16",
            "xadvance": "23",
            "page": "0",
            "chnl": "15"
         },
         {
            "id": "102",
            "x": "163",
            "y": "378",
            "width": "16",
            "height": "30",
            "xoffset": "0",
            "yoffset": "9",
            "xadvance": "14",
            "page": "0",
            "chnl": "15"
         },
         {
            "id": "103",
            "x": "344",
            "y": "156",
            "width": "23",
            "height": "31",
            "xoffset": "1",
            "yoffset": "16",
            "xadvance": "26",
            "page": "0",
            "chnl": "15"
         },
         {
            "id": "104",
            "x": "86",
            "y": "347",
            "width": "22",
            "height": "30",
            "xoffset": "2",
            "yoffset": "9",
            "xadvance": "26",
            "page": "0",
            "chnl": "15"
         },
         {
            "id": "105",
            "x": "483",
            "y": "217",
            "width": "8",
            "height": "30",
            "xoffset": "2",
            "yoffset": "9",
            "xadvance": "12",
            "page": "0",
            "chnl": "15"
         },
         {
            "id": "106",
            "x": "426",
            "y": "79",
            "width": "12",
            "height": "38",
            "xoffset": "-2",
            "yoffset": "9",
            "xadvance": "12",
            "page": "0",
            "chnl": "15"
         },
         {
            "id": "107",
            "x": "458",
            "y": "344",
            "width": "21",
            "height": "30",
            "xoffset": "2",
            "yoffset": "9",
            "xadvance": "23",
            "page": "0",
            "chnl": "15"
         },
         {
            "id": "108",
            "x": "295",
            "y": "376",
            "width": "8",
            "height": "30",
            "xoffset": "2",
            "yoffset": "9",
            "xadvance": "12",
            "page": "0",
            "chnl": "15"
         },
         {
            "id": "109",
            "x": "281",
            "y": "408",
            "width": "33",
            "height": "23",
            "xoffset": "2",
            "yoffset": "16",
            "xadvance": "37",
            "page": "0",
            "chnl": "15"
         },
         {
            "id": "110",
            "x": "0",
            "y": "439",
            "width": "22",
            "height": "23",
            "xoffset": "2",
            "yoffset": "16",
            "xadvance": "26",
            "page": "0",
            "chnl": "15"
         },
         {
            "id": "111",
            "x": "334",
            "y": "407",
            "width": "24",
            "height": "23",
            "xoffset": "1",
            "yoffset": "16",
            "xadvance": "26",
            "page": "0",
            "chnl": "15"
         },
         {
            "id": "112",
            "x": "301",
            "y": "157",
            "width": "23",
            "height": "31",
            "xoffset": "2",
            "yoffset": "16",
            "xadvance": "26",
            "page": "0",
            "chnl": "15"
         },
         {
            "id": "113",
            "x": "387",
            "y": "156",
            "width": "23",
            "height": "31",
            "xoffset": "1",
            "yoffset": "16",
            "xadvance": "26",
            "page": "0",
            "chnl": "15"
         },
         {
            "id": "114",
            "x": "166",
            "y": "438",
            "width": "15",
            "height": "23",
            "xoffset": "2",
            "yoffset": "16",
            "xadvance": "16",
            "page": "0",
            "chnl": "15"
         },
         {
            "id": "115",
            "x": "420",
            "y": "406",
            "width": "22",
            "height": "23",
            "xoffset": "0",
            "yoffset": "16",
            "xadvance": "23",
            "page": "0",
            "chnl": "15"
         },
         {
            "id": "116",
            "x": "77",
            "y": "409",
            "width": "14",
            "height": "29",
            "xoffset": "0",
            "yoffset": "10",
            "xadvance": "14",
            "page": "0",
            "chnl": "15"
         },
         {
            "id": "117",
            "x": "341",
            "y": "431",
            "width": "22",
            "height": "22",
            "xoffset": "2",
            "yoffset": "17",
            "xadvance": "26",
            "page": "0",
            "chnl": "15"
         },
         {
            "id": "118",
            "x": "255",
            "y": "433",
            "width": "23",
            "height": "22",
            "xoffset": "0",
            "yoffset": "17",
            "xadvance": "23",
            "page": "0",
            "chnl": "15"
         },
         {
            "id": "119",
            "x": "201",
            "y": "435",
            "width": "34",
            "height": "22",
            "xoffset": "0",
            "yoffset": "17",
            "xadvance": "33",
            "page": "0",
            "chnl": "15"
         },
         {
            "id": "120",
            "x": "298",
            "y": "432",
            "width": "23",
            "height": "22",
            "xoffset": "0",
            "yoffset": "17",
            "xadvance": "23",
            "page": "0",
            "chnl": "15"
         },
         {
            "id": "121",
            "x": "132",
            "y": "316",
            "width": "24",
            "height": "30",
            "xoffset": "-1",
            "yoffset": "17",
            "xadvance": "23",
            "page": "0",
            "chnl": "15"
         },
         {
            "id": "122",
            "x": "425",
            "y": "430",
            "width": "21",
            "height": "22",
            "xoffset": "0",
            "yoffset": "17",
            "xadvance": "21",
            "page": "0",
            "chnl": "15"
         },
         {
            "id": "123",
            "x": "262",
            "y": "80",
            "width": "16",
            "height": "38",
            "xoffset": "0",
            "yoffset": "9",
            "xadvance": "16",
            "page": "0",
            "chnl": "15"
         },
         {
            "id": "124",
            "x": "361",
            "y": "40",
            "width": "6",
            "height": "39",
            "xoffset": "3",
            "yoffset": "9",
            "xadvance": "12",
            "page": "0",
            "chnl": "15"
         },
         {
            "id": "125",
            "x": "226",
            "y": "80",
            "width": "16",
            "height": "38",
            "xoffset": "0",
            "yoffset": "9",
            "xadvance": "16",
            "page": "0",
            "chnl": "15"
         },
         {
            "id": "126",
            "x": "448",
            "y": "471",
            "width": "23",
            "height": "8",
            "xoffset": "1",
            "yoffset": "20",
            "xadvance": "25",
            "page": "0",
            "chnl": "15"
         },
         {
            "id": "160",
            "x": "487",
            "y": "119",
            "width": "3",
            "height": "1",
            "xoffset": "-1",
            "yoffset": "48",
            "xadvance": "12",
            "page": "0",
            "chnl": "15"
         },
         {
            "id": "161",
            "x": "323",
            "y": "376",
            "width": "8",
            "height": "30",
            "xoffset": "3",
            "yoffset": "17",
            "xadvance": "14",
            "page": "0",
            "chnl": "15"
         },
         {
            "id": "162",
            "x": "184",
            "y": "80",
            "width": "22",
            "height": "38",
            "xoffset": "1",
            "yoffset": "9",
            "xadvance": "23",
            "page": "0",
            "chnl": "15"
         },
         {
            "id": "163",
            "x": "434",
            "y": "313",
            "width": "23",
            "height": "30",
            "xoffset": "0",
            "yoffset": "9",
            "xadvance": "23",
            "page": "0",
            "chnl": "15"
         },
         {
            "id": "164",
            "x": "383",
            "y": "431",
            "width": "22",
            "height": "22",
            "xoffset": "0",
            "yoffset": "15",
            "xadvance": "23",
            "page": "0",
            "chnl": "15"
         },
         {
            "id": "165",
            "x": "219",
            "y": "315",
            "width": "23",
            "height": "30",
            "xoffset": "0",
            "yoffset": "9",
            "xadvance": "23",
            "page": "0",
            "chnl": "15"
         },
         {
            "id": "166",
            "x": "387",
            "y": "40",
            "width": "6",
            "height": "39",
            "xoffset": "3",
            "yoffset": "9",
            "xadvance": "12",
            "page": "0",
            "chnl": "15"
         },
         {
            "id": "167",
            "x": "224",
            "y": "40",
            "width": "22",
            "height": "39",
            "xoffset": "1",
            "yoffset": "9",
            "xadvance": "23",
            "page": "0",
            "chnl": "15"
         },
         {
            "id": "168",
            "x": "471",
            "y": "480",
            "width": "16",
            "height": "4",
            "xoffset": "-1",
            "yoffset": "9",
            "xadvance": "14",
            "page": "0",
            "chnl": "15"
         },
         {
            "id": "169",
            "x": "224",
            "y": "221",
            "width": "33",
            "height": "30",
            "xoffset": "-1",
            "yoffset": "9",
            "xadvance": "31",
            "page": "0",
            "chnl": "15"
         },
         {
            "id": "170",
            "x": "347",
            "y": "454",
            "width": "15",
            "height": "16",
            "xoffset": "0",
            "yoffset": "9",
            "xadvance": "16",
            "page": "0",
            "chnl": "15"
         },
         {
            "id": "171",
            "x": "127",
            "y": "463",
            "width": "20",
            "height": "19",
            "xoffset": "1",
            "yoffset": "19",
            "xadvance": "23",
            "page": "0",
            "chnl": "15"
         },
         {
            "id": "172",
            "x": "43",
            "y": "485",
            "width": "23",
            "height": "14",
            "xoffset": "1",
            "yoffset": "17",
            "xadvance": "25",
            "page": "0",
            "chnl": "15"
         },
         {
            "id": "173",
            "x": "348",
            "y": "486",
            "width": "13",
            "height": "5",
            "xoffset": "1",
            "yoffset": "26",
            "xadvance": "14",
            "page": "0",
            "chnl": "15"
         },
         {
            "id": "174",
            "x": "277",
            "y": "221",
            "width": "33",
            "height": "30",
            "xoffset": "-1",
            "yoffset": "9",
            "xadvance": "31",
            "page": "0",
            "chnl": "15"
         },
         {
            "id": "175",
            "x": "426",
            "y": "483",
            "width": "25",
            "height": "4",
            "xoffset": "-1",
            "yoffset": "3",
            "xadvance": "23",
            "page": "0",
            "chnl": "15"
         },
         {
            "id": "176",
            "x": "232",
            "y": "478",
            "width": "15",
            "height": "13",
            "xoffset": "1",
            "yoffset": "9",
            "xadvance": "17",
            "page": "0",
            "chnl": "15"
         },
         {
            "id": "177",
            "x": "139",
            "y": "409",
            "width": "23",
            "height": "28",
            "xoffset": "0",
            "yoffset": "11",
            "xadvance": "23",
            "page": "0",
            "chnl": "15"
         },
         {
            "id": "178",
            "x": "416",
            "y": "454",
            "width": "14",
            "height": "16",
            "xoffset": "0",
            "yoffset": "9",
            "xadvance": "14",
            "page": "0",
            "chnl": "15"
         },
         {
            "id": "179",
            "x": "382",
            "y": "454",
            "width": "14",
            "height": "16",
            "xoffset": "0",
            "yoffset": "9",
            "xadvance": "14",
            "page": "0",
            "chnl": "15"
         },
         {
            "id": "180",
            "x": "120",
            "y": "500",
            "width": "10",
            "height": "6",
            "xoffset": "3",
            "yoffset": "9",
            "xadvance": "14",
            "page": "0",
            "chnl": "15"
         },
         {
            "id": "181",
            "x": "41",
            "y": "378",
            "width": "21",
            "height": "30",
            "xoffset": "2",
            "yoffset": "17",
            "xadvance": "24",
            "page": "0",
            "chnl": "15"
         },
         {
            "id": "182",
            "x": "96",
            "y": "80",
            "width": "25",
            "height": "38",
            "xoffset": "-1",
            "yoffset": "9",
            "xadvance": "23",
            "page": "0",
            "chnl": "15"
         },
         {
            "id": "183",
            "x": "178",
            "y": "497",
            "width": "8",
            "height": "6",
            "xoffset": "3",
            "yoffset": "21",
            "xadvance": "14",
            "page": "0",
            "chnl": "15"
         },
         {
            "id": "184",
            "x": "0",
            "y": "500",
            "width": "13",
            "height": "8",
            "xoffset": "0",
            "yoffset": "39",
            "xadvance": "14",
            "page": "0",
            "chnl": "15"
         },
         {
            "id": "185",
            "x": "450",
            "y": "453",
            "width": "10",
            "height": "16",
            "xoffset": "1",
            "yoffset": "9",
            "xadvance": "14",
            "page": "0",
            "chnl": "15"
         },
         {
            "id": "186",
            "x": "312",
            "y": "455",
            "width": "15",
            "height": "16",
            "xoffset": "0",
            "yoffset": "9",
            "xadvance": "15",
            "page": "0",
            "chnl": "15"
         },
         {
            "id": "187",
            "x": "167",
            "y": "462",
            "width": "20",
            "height": "19",
            "xoffset": "2",
            "yoffset": "19",
            "xadvance": "23",
            "page": "0",
            "chnl": "15"
         },
         {
            "id": "188",
            "x": "116",
            "y": "222",
            "width": "34",
            "height": "30",
            "xoffset": "1",
            "yoffset": "9",
            "xadvance": "35",
            "page": "0",
            "chnl": "15"
         },
         {
            "id": "189",
            "x": "170",
            "y": "221",
            "width": "34",
            "height": "30",
            "xoffset": "1",
            "yoffset": "9",
            "xadvance": "35",
            "page": "0",
            "chnl": "15"
         },
         {
            "id": "190",
            "x": "61",
            "y": "223",
            "width": "35",
            "height": "30",
            "xoffset": "0",
            "yoffset": "9",
            "xadvance": "35",
            "page": "0",
            "chnl": "15"
         },
         {
            "id": "191",
            "x": "44",
            "y": "316",
            "width": "24",
            "height": "30",
            "xoffset": "1",
            "yoffset": "17",
            "xadvance": "26",
            "page": "0",
            "chnl": "15"
         },
         {
            "id": "192",
            "x": "264",
            "y": "0",
            "width": "31",
            "height": "39",
            "xoffset": "-1",
            "yoffset": "0",
            "xadvance": "29",
            "page": "0",
            "chnl": "15"
         },
         {
            "id": "193",
            "x": "315",
            "y": "0",
            "width": "31",
            "height": "39",
            "xoffset": "-1",
            "yoffset": "0",
            "xadvance": "29",
            "page": "0",
            "chnl": "15"
         },
         {
            "id": "194",
            "x": "60",
            "y": "0",
            "width": "31",
            "height": "39",
            "xoffset": "-1",
            "yoffset": "0",
            "xadvance": "29",
            "page": "0",
            "chnl": "15"
         },
         {
            "id": "195",
            "x": "0",
            "y": "81",
            "width": "31",
            "height": "38",
            "xoffset": "-1",
            "yoffset": "1",
            "xadvance": "29",
            "page": "0",
            "chnl": "15"
         },
         {
            "id": "196",
            "x": "0",
            "y": "120",
            "width": "31",
            "height": "37",
            "xoffset": "-1",
            "yoffset": "2",
            "xadvance": "29",
            "page": "0",
            "chnl": "15"
         },
         {
            "id": "197",
            "x": "303",
            "y": "119",
            "width": "31",
            "height": "36",
            "xoffset": "-1",
            "yoffset": "3",
            "xadvance": "29",
            "page": "0",
            "chnl": "15"
         },
         {
            "id": "198",
            "x": "433",
            "y": "186",
            "width": "43",
            "height": "30",
            "xoffset": "-2",
            "yoffset": "9",
            "xadvance": "42",
            "page": "0",
            "chnl": "15"
         },
         {
            "id": "199",
            "x": "464",
            "y": "40",
            "width": "28",
            "height": "38",
            "xoffset": "1",
            "yoffset": "9",
            "xadvance": "30",
            "page": "0",
            "chnl": "15"
         },
         {
            "id": "200",
            "x": "0",
            "y": "41",
            "width": "25",
            "height": "39",
            "xoffset": "2",
            "yoffset": "0",
            "xadvance": "28",
            "page": "0",
            "chnl": "15"
         },
         {
            "id": "201",
            "x": "460",
            "y": "0",
            "width": "25",
            "height": "39",
            "xoffset": "2",
            "yoffset": "0",
            "xadvance": "28",
            "page": "0",
            "chnl": "15"
         },
         {
            "id": "202",
            "x": "415",
            "y": "0",
            "width": "25",
            "height": "39",
            "xoffset": "2",
            "yoffset": "0",
            "xadvance": "28",
            "page": "0",
            "chnl": "15"
         },
         {
            "id": "203",
            "x": "96",
            "y": "119",
            "width": "25",
            "height": "37",
            "xoffset": "2",
            "yoffset": "2",
            "xadvance": "28",
            "page": "0",
            "chnl": "15"
         },
         {
            "id": "204",
            "x": "331",
            "y": "40",
            "width": "10",
            "height": "39",
            "xoffset": "0",
            "yoffset": "0",
            "xadvance": "12",
            "page": "0",
            "chnl": "15"
         },
         {
            "id": "205",
            "x": "301",
            "y": "40",
            "width": "10",
            "height": "39",
            "xoffset": "2",
            "yoffset": "0",
            "xadvance": "12",
            "page": "0",
            "chnl": "15"
         },
         {
            "id": "206",
            "x": "266",
            "y": "40",
            "width": "15",
            "height": "39",
            "xoffset": "-1",
            "yoffset": "0",
            "xadvance": "12",
            "page": "0",
            "chnl": "15"
         },
         {
            "id": "207",
            "x": "267",
            "y": "119",
            "width": "16",
            "height": "37",
            "xoffset": "-2",
            "yoffset": "2",
            "xadvance": "12",
            "page": "0",
            "chnl": "15"
         },
         {
            "id": "208",
            "x": "50",
            "y": "254",
            "width": "30",
            "height": "30",
            "xoffset": "-1",
            "yoffset": "9",
            "xadvance": "30",
            "page": "0",
            "chnl": "15"
         },
         {
            "id": "209",
            "x": "51",
            "y": "81",
            "width": "25",
            "height": "38",
            "xoffset": "2",
            "yoffset": "1",
            "xadvance": "30",
            "page": "0",
            "chnl": "15"
         },
         {
            "id": "210",
            "x": "111",
            "y": "0",
            "width": "31",
            "height": "39",
            "xoffset": "1",
            "yoffset": "0",
            "xadvance": "33",
            "page": "0",
            "chnl": "15"
         },
         {
            "id": "211",
            "x": "162",
            "y": "0",
            "width": "31",
            "height": "39",
            "xoffset": "1",
            "yoffset": "0",
            "xadvance": "33",
            "page": "0",
            "chnl": "15"
         },
         {
            "id": "212",
            "x": "213",
            "y": "0",
            "width": "31",
            "height": "39",
            "xoffset": "1",
            "yoffset": "0",
            "xadvance": "33",
            "page": "0",
            "chnl": "15"
         },
         {
            "id": "213",
            "x": "413",
            "y": "40",
            "width": "31",
            "height": "38",
            "xoffset": "1",
            "yoffset": "1",
            "xadvance": "33",
            "page": "0",
            "chnl": "15"
         },
         {
            "id": "214",
            "x": "458",
            "y": "79",
            "width": "31",
            "height": "37",
            "xoffset": "1",
            "yoffset": "2",
            "xadvance": "33",
            "page": "0",
            "chnl": "15"
         },
         {
            "id": "215",
            "x": "86",
            "y": "463",
            "width": "21",
            "height": "21",
            "xoffset": "2",
            "yoffset": "13",
            "xadvance": "25",
            "page": "0",
            "chnl": "15"
         },
         {
            "id": "216",
            "x": "395",
            "y": "119",
            "width": "31",
            "height": "34",
            "xoffset": "1",
            "yoffset": "7",
            "xadvance": "33",
            "page": "0",
            "chnl": "15"
         },
         {
            "id": "217",
            "x": "135",
            "y": "40",
            "width": "25",
            "height": "39",
            "xoffset": "2",
            "yoffset": "0",
            "xadvance": "30",
            "page": "0",
            "chnl": "15"
         },
         {
            "id": "218",
            "x": "90",
            "y": "40",
            "width": "25",
            "height": "39",
            "xoffset": "2",
            "yoffset": "0",
            "xadvance": "30",
            "page": "0",
            "chnl": "15"
         },
         {
            "id": "219",
            "x": "45",
            "y": "41",
            "width": "25",
            "height": "39",
            "xoffset": "2",
            "yoffset": "0",
            "xadvance": "30",
            "page": "0",
            "chnl": "15"
         },
         {
            "id": "220",
            "x": "51",
            "y": "120",
            "width": "25",
            "height": "37",
            "xoffset": "2",
            "yoffset": "2",
            "xadvance": "30",
            "page": "0",
            "chnl": "15"
         },
         {
            "id": "221",
            "x": "366",
            "y": "0",
            "width": "29",
            "height": "39",
            "xoffset": "-1",
            "yoffset": "0",
            "xadvance": "28",
            "page": "0",
            "chnl": "15"
         },
         {
            "id": "222",
            "x": "231",
            "y": "283",
            "width": "25",
            "height": "30",
            "xoffset": "2",
            "yoffset": "9",
            "xadvance": "28",
            "page": "0",
            "chnl": "15"
         },
         {
            "id": "223",
            "x": "176",
            "y": "316",
            "width": "23",
            "height": "30",
            "xoffset": "2",
            "yoffset": "9",
            "xadvance": "26",
            "page": "0",
            "chnl": "15"
         },
         {
            "id": "224",
            "x": "249",
            "y": "189",
            "width": "21",
            "height": "31",
            "xoffset": "1",
            "yoffset": "8",
            "xadvance": "23",
            "page": "0",
            "chnl": "15"
         },
         {
            "id": "225",
            "x": "290",
            "y": "189",
            "width": "21",
            "height": "31",
            "xoffset": "1",
            "yoffset": "8",
            "xadvance": "23",
            "page": "0",
            "chnl": "15"
         },
         {
            "id": "226",
            "x": "331",
            "y": "189",
            "width": "21",
            "height": "31",
            "xoffset": "1",
            "yoffset": "8",
            "xadvance": "23",
            "page": "0",
            "chnl": "15"
         },
         {
            "id": "227",
            "x": "82",
            "y": "378",
            "width": "21",
            "height": "30",
            "xoffset": "1",
            "yoffset": "9",
            "xadvance": "23",
            "page": "0",
            "chnl": "15"
         },
         {
            "id": "228",
            "x": "0",
            "y": "409",
            "width": "21",
            "height": "29",
            "xoffset": "1",
            "yoffset": "10",
            "xadvance": "23",
            "page": "0",
            "chnl": "15"
         },
         {
            "id": "229",
            "x": "446",
            "y": "118",
            "width": "21",
            "height": "33",
            "xoffset": "1",
            "yoffset": "6",
            "xadvance": "23",
            "page": "0",
            "chnl": "15"
         },
         {
            "id": "230",
            "x": "226",
            "y": "409",
            "width": "35",
            "height": "23",
            "xoffset": "1",
            "yoffset": "16",
            "xadvance": "37",
            "page": "0",
            "chnl": "15"
         },
         {
            "id": "231",
            "x": "430",
            "y": "154",
            "width": "22",
            "height": "31",
            "xoffset": "1",
            "yoffset": "16",
            "xadvance": "23",
            "page": "0",
            "chnl": "15"
         },
         {
            "id": "232",
            "x": "126",
            "y": "189",
            "width": "21",
            "height": "31",
            "xoffset": "1",
            "yoffset": "8",
            "xadvance": "23",
            "page": "0",
            "chnl": "15"
         },
         {
            "id": "233",
            "x": "167",
            "y": "189",
            "width": "21",
            "height": "31",
            "xoffset": "1",
            "yoffset": "8",
            "xadvance": "23",
            "page": "0",
            "chnl": "15"
         },
         {
            "id": "234",
            "x": "208",
            "y": "189",
            "width": "21",
            "height": "31",
            "xoffset": "1",
            "yoffset": "8",
            "xadvance": "23",
            "page": "0",
            "chnl": "15"
         },
         {
            "id": "235",
            "x": "465",
            "y": "375",
            "width": "21",
            "height": "29",
            "xoffset": "1",
            "yoffset": "10",
            "xadvance": "23",
            "page": "0",
            "chnl": "15"
         },
         {
            "id": "236",
            "x": "372",
            "y": "188",
            "width": "11",
            "height": "31",
            "xoffset": "-1",
            "yoffset": "8",
            "xadvance": "12",
            "page": "0",
            "chnl": "15"
         },
         {
            "id": "237",
            "x": "403",
            "y": "188",
            "width": "10",
            "height": "31",
            "xoffset": "2",
            "yoffset": "8",
            "xadvance": "12",
            "page": "0",
            "chnl": "15"
         },
         {
            "id": "238",
            "x": "472",
            "y": "152",
            "width": "15",
            "height": "31",
            "xoffset": "-2",
            "yoffset": "8",
            "xadvance": "12",
            "page": "0",
            "chnl": "15"
         },
         {
            "id": "239",
            "x": "41",
            "y": "409",
            "width": "16",
            "height": "29",
            "xoffset": "-2",
            "yoffset": "10",
            "xadvance": "12",
            "page": "0",
            "chnl": "15"
         },
         {
            "id": "240",
            "x": "0",
            "y": "316",
            "width": "24",
            "height": "30",
            "xoffset": "1",
            "yoffset": "9",
            "xadvance": "26",
            "page": "0",
            "chnl": "15"
         },
         {
            "id": "241",
            "x": "170",
            "y": "347",
            "width": "22",
            "height": "30",
            "xoffset": "2",
            "yoffset": "9",
            "xadvance": "26",
            "page": "0",
            "chnl": "15"
         },
         {
            "id": "242",
            "x": "169",
            "y": "157",
            "width": "24",
            "height": "31",
            "xoffset": "1",
            "yoffset": "8",
            "xadvance": "26",
            "page": "0",
            "chnl": "15"
         },
         {
            "id": "243",
            "x": "213",
            "y": "157",
            "width": "24",
            "height": "31",
            "xoffset": "1",
            "yoffset": "8",
            "xadvance": "26",
            "page": "0",
            "chnl": "15"
         },
         {
            "id": "244",
            "x": "257",
            "y": "157",
            "width": "24",
            "height": "31",
            "xoffset": "1",
            "yoffset": "8",
            "xadvance": "26",
            "page": "0",
            "chnl": "15"
         },
         {
            "id": "245",
            "x": "88",
            "y": "316",
            "width": "24",
            "height": "30",
            "xoffset": "1",
            "yoffset": "9",
            "xadvance": "26",
            "page": "0",
            "chnl": "15"
         },
         {
            "id": "246",
            "x": "379",
            "y": "376",
            "width": "24",
            "height": "29",
            "xoffset": "1",
            "yoffset": "10",
            "xadvance": "26",
            "page": "0",
            "chnl": "15"
         },
         {
            "id": "247",
            "x": "0",
            "y": "463",
            "width": "23",
            "height": "21",
            "xoffset": "0",
            "yoffset": "14",
            "xadvance": "23",
            "page": "0",
            "chnl": "15"
         },
         {
            "id": "248",
            "x": "182",
            "y": "409",
            "width": "24",
            "height": "25",
            "xoffset": "1",
            "yoffset": "15",
            "xadvance": "26",
            "page": "0",
            "chnl": "15"
         },
         {
            "id": "249",
            "x": "0",
            "y": "191",
            "width": "22",
            "height": "31",
            "xoffset": "2",
            "yoffset": "8",
            "xadvance": "26",
            "page": "0",
            "chnl": "15"
         },
         {
            "id": "250",
            "x": "42",
            "y": "191",
            "width": "22",
            "height": "31",
            "xoffset": "2",
            "yoffset": "8",
            "xadvance": "26",
            "page": "0",
            "chnl": "15"
         },
         {
            "id": "251",
            "x": "84",
            "y": "190",
            "width": "22",
            "height": "31",
            "xoffset": "2",
            "yoffset": "8",
            "xadvance": "26",
            "page": "0",
            "chnl": "15"
         },
         {
            "id": "252",
            "x": "423",
            "y": "376",
            "width": "22",
            "height": "29",
            "xoffset": "2",
            "yoffset": "10",
            "xadvance": "26",
            "page": "0",
            "chnl": "15"
         },
         {
            "id": "253",
            "x": "180",
            "y": "40",
            "width": "24",
            "height": "39",
            "xoffset": "-1",
            "yoffset": "8",
            "xadvance": "23",
            "page": "0",
            "chnl": "15"
         },
         {
            "id": "254",
            "x": "141",
            "y": "80",
            "width": "23",
            "height": "38",
            "xoffset": "2",
            "yoffset": "9",
            "xadvance": "26",
            "page": "0",
            "chnl": "15"
         },
         {
            "id": "255",
            "x": "141",
            "y": "119",
            "width": "24",
            "height": "37",
            "xoffset": "-1",
            "yoffset": "10",
            "xadvance": "23",
            "page": "0",
            "chnl": "15"
         },
         {
            "id": "8211",
            "x": "270",
            "y": "492",
            "width": "25",
            "height": "5",
            "xoffset": "-1",
            "yoffset": "25",
            "xadvance": "23",
            "page": "0",
            "chnl": "15"
         },
         {
            "id": "8212",
            "x": "206",
            "y": "496",
            "width": "44",
            "height": "5",
            "xoffset": "-1",
            "yoffset": "25",
            "xadvance": "42",
            "page": "0",
            "chnl": "15"
         },
         {
            "id": "8216",
            "x": "323",
            "y": "472",
            "width": "7",
            "height": "13",
            "xoffset": "3",
            "yoffset": "9",
            "xadvance": "12",
            "page": "0",
            "chnl": "15"
         },
         {
            "id": "8217",
            "x": "480",
            "y": "453",
            "width": "8",
            "height": "13",
            "xoffset": "2",
            "yoffset": "9",
            "xadvance": "12",
            "page": "0",
            "chnl": "15"
         },
         {
            "id": "8218",
            "x": "267",
            "y": "478",
            "width": "8",
            "height": "13",
            "xoffset": "2",
            "yoffset": "33",
            "xadvance": "12",
            "page": "0",
            "chnl": "15"
         },
         {
            "id": "8220",
            "x": "121",
            "y": "485",
            "width": "17",
            "height": "13",
            "xoffset": "2",
            "yoffset": "9",
            "xadvance": "21",
            "page": "0",
            "chnl": "15"
         },
         {
            "id": "8221",
            "x": "158",
            "y": "483",
            "width": "17",
            "height": "13",
            "xoffset": "2",
            "yoffset": "9",
            "xadvance": "21",
            "page": "0",
            "chnl": "15"
         },
         {
            "id": "8222",
            "x": "195",
            "y": "482",
            "width": "17",
            "height": "13",
            "xoffset": "2",
            "yoffset": "33",
            "xadvance": "21",
            "page": "0",
            "chnl": "15"
         },
         {
            "id": "8224",
            "x": "226",
            "y": "119",
            "width": "21",
            "height": "37",
            "xoffset": "1",
            "yoffset": "9",
            "xadvance": "23",
            "page": "0",
            "chnl": "15"
         },
         {
            "id": "8225",
            "x": "185",
            "y": "119",
            "width": "21",
            "height": "37",
            "xoffset": "1",
            "yoffset": "9",
            "xadvance": "23",
            "page": "0",
            "chnl": "15"
         },
         {
            "id": "8226",
            "x": "350",
            "y": "471",
            "width": "13",
            "height": "12",
            "xoffset": "1",
            "yoffset": "18",
            "xadvance": "15",
            "page": "0",
            "chnl": "15"
         },
         {
            "id": "8230",
            "x": "33",
            "y": "500",
            "width": "36",
            "height": "6",
            "xoffset": "3",
            "yoffset": "33",
            "xadvance": "42",
            "page": "0",
            "chnl": "15"
         },
         {
            "id": "8240",
            "x": "52",
            "y": "158",
            "width": "45",
            "height": "31",
            "xoffset": "-1",
            "yoffset": "9",
            "xadvance": "43",
            "page": "0",
            "chnl": "15"
         },
         {
            "id": "8249",
            "x": "239",
            "y": "458",
            "width": "12",
            "height": "19",
            "xoffset": "1",
            "yoffset": "19",
            "xadvance": "14",
            "page": "0",
            "chnl": "15"
         },
         {
            "id": "8250",
            "x": "207",
            "y": "458",
            "width": "12",
            "height": "19",
            "xoffset": "1",
            "yoffset": "19",
            "xadvance": "14",
            "page": "0",
            "chnl": "15"
         }
      ]
   },
   "kernings": {
      "count": "96",
      "kerning": [
         {
            "first": "32",
            "second": "65",
            "amount": "-2"
         },
         {
            "first": "32",
            "second": "89",
            "amount": "-1"
         },
         {
            "first": "8217",
            "second": "8217",
            "amount": "-2"
         },
         {
            "first": "8217",
            "second": "115",
            "amount": "-2"
         },
         {
            "first": "8217",
            "second": "32",
            "amount": "-2"
         },
         {
            "first": "8216",
            "second": "8216",
            "amount": "-2"
         },
         {
            "first": "121",
            "second": "46",
            "amount": "-3"
         },
         {
            "first": "121",
            "second": "44",
            "amount": "-3"
         },
         {
            "first": "49",
            "second": "49",
            "amount": "-2"
         },
         {
            "first": "65",
            "second": "32",
            "amount": "-2"
         },
         {
            "first": "65",
            "second": "84",
            "amount": "-3"
         },
         {
            "first": "65",
            "second": "86",
            "amount": "-3"
         },
         {
            "first": "65",
            "second": "87",
            "amount": "-2"
         },
         {
            "first": "65",
            "second": "89",
            "amount": "-4"
         },
         {
            "first": "65",
            "second": "118",
            "amount": "-2"
         },
         {
            "first": "65",
            "second": "119",
            "amount": "-1"
         },
         {
            "first": "65",
            "second": "121",
            "amount": "-2"
         },
         {
            "first": "65",
            "second": "8217",
            "amount": "-2"
         },
         {
            "first": "70",
            "second": "44",
            "amount": "-5"
         },
         {
            "first": "70",
            "second": "46",
            "amount": "-5"
         },
         {
            "first": "70",
            "second": "65",
            "amount": "-2"
         },
         {
            "first": "76",
            "second": "32",
            "amount": "-1"
         },
         {
            "first": "76",
            "second": "84",
            "amount": "-3"
         },
         {
            "first": "76",
            "second": "86",
            "amount": "-3"
         },
         {
            "first": "76",
            "second": "87",
            "amount": "-2"
         },
         {
            "first": "76",
            "second": "89",
            "amount": "-4"
         },
         {
            "first": "76",
            "second": "121",
            "amount": "-2"
         },
         {
            "first": "76",
            "second": "8217",
            "amount": "-2"
         },
         {
            "first": "80",
            "second": "32",
            "amount": "-1"
         },
         {
            "first": "80",
            "second": "44",
            "amount": "-6"
         },
         {
            "first": "80",
            "second": "46",
            "amount": "-6"
         },
         {
            "first": "80",
            "second": "65",
            "amount": "-3"
         },
         {
            "first": "82",
            "second": "86",
            "amount": "-1"
         },
         {
            "first": "82",
            "second": "87",
            "amount": "-1"
         },
         {
            "first": "82",
            "second": "89",
            "amount": "-2"
         },
         {
            "first": "84",
            "second": "44",
            "amount": "-5"
         },
         {
            "first": "84",
            "second": "45",
            "amount": "-2"
         },
         {
            "first": "84",
            "second": "46",
            "amount": "-5"
         },
         {
            "first": "84",
            "second": "58",
            "amount": "-5"
         },
         {
            "first": "119",
            "second": "46",
            "amount": "-2"
         },
         {
            "first": "84",
            "second": "65",
            "amount": "-3"
         },
         {
            "first": "84",
            "second": "79",
            "amount": "-1"
         },
         {
            "first": "84",
            "second": "97",
            "amount": "-3"
         },
         {
            "first": "84",
            "second": "99",
            "amount": "-3"
         },
         {
            "first": "84",
            "second": "101",
            "amount": "-3"
         },
         {
            "first": "84",
            "second": "105",
            "amount": "-1"
         },
         {
            "first": "84",
            "second": "111",
            "amount": "-3"
         },
         {
            "first": "84",
            "second": "114",
            "amount": "-2"
         },
         {
            "first": "84",
            "second": "115",
            "amount": "-3"
         },
         {
            "first": "84",
            "second": "117",
            "amount": "-3"
         },
         {
            "first": "84",
            "second": "119",
            "amount": "-3"
         },
         {
            "first": "84",
            "second": "121",
            "amount": "-3"
         },
         {
            "first": "86",
            "second": "44",
            "amount": "-4"
         },
         {
            "first": "86",
            "second": "45",
            "amount": "-2"
         },
         {
            "first": "86",
            "second": "46",
            "amount": "-4"
         },
         {
            "first": "86",
            "second": "58",
            "amount": "-2"
         },
         {
            "first": "119",
            "second": "44",
            "amount": "-2"
         },
         {
            "first": "86",
            "second": "65",
            "amount": "-3"
         },
         {
            "first": "86",
            "second": "97",
            "amount": "-2"
         },
         {
            "first": "86",
            "second": "101",
            "amount": "-2"
         },
         {
            "first": "86",
            "second": "105",
            "amount": "-1"
         },
         {
            "first": "86",
            "second": "111",
            "amount": "-3"
         },
         {
            "first": "86",
            "second": "114",
            "amount": "-2"
         },
         {
            "first": "86",
            "second": "117",
            "amount": "-2"
         },
         {
            "first": "86",
            "second": "121",
            "amount": "-2"
         },
         {
            "first": "87",
            "second": "44",
            "amount": "-2"
         },
         {
            "first": "87",
            "second": "45",
            "amount": "-1"
         },
         {
            "first": "87",
            "second": "46",
            "amount": "-2"
         },
         {
            "first": "87",
            "second": "58",
            "amount": "-1"
         },
         {
            "first": "118",
            "second": "46",
            "amount": "-3"
         },
         {
            "first": "87",
            "second": "65",
            "amount": "-2"
         },
         {
            "first": "87",
            "second": "97",
            "amount": "-2"
         },
         {
            "first": "87",
            "second": "101",
            "amount": "-1"
         },
         {
            "first": "118",
            "second": "44",
            "amount": "-3"
         },
         {
            "first": "87",
            "second": "111",
            "amount": "-1"
         },
         {
            "first": "87",
            "second": "114",
            "amount": "-1"
         },
         {
            "first": "87",
            "second": "117",
            "amount": "-1"
         },
         {
            "first": "87",
            "second": "121",
            "amount": "-1"
         },
         {
            "first": "89",
            "second": "32",
            "amount": "-1"
         },
         {
            "first": "89",
            "second": "44",
            "amount": "-5"
         },
         {
            "first": "89",
            "second": "45",
            "amount": "-2"
         },
         {
            "first": "89",
            "second": "46",
            "amount": "-5"
         },
         {
            "first": "89",
            "second": "58",
            "amount": "-3"
         },
         {
            "first": "114",
            "second": "8217",
            "amount": "2"
         },
         {
            "first": "89",
            "second": "65",
            "amount": "-4"
         },
         {
            "first": "89",
            "second": "97",
            "amount": "-2"
         },
         {
            "first": "89",
            "second": "101",
            "amount": "-2"
         },
         {
            "first": "89",
            "second": "105",
            "amount": "-2"
         },
         {
            "first": "89",
            "second": "111",
            "amount": "-3"
         },
         {
            "first": "89",
            "second": "112",
            "amount": "-2"
         },
         {
            "first": "89",
            "second": "113",
            "amount": "-3"
         },
         {
            "first": "89",
            "second": "117",
            "amount": "-2"
         },
         {
            "first": "89",
            "second": "118",
            "amount": "-2"
         },
         {
            "first": "102",
            "second": "8217",
            "amount": "1"
         },
         {
            "first": "114",
            "second": "44",
            "amount": "-2"
         },
         {
            "first": "114",
            "second": "46",
            "amount": "-2"
         }
      ]
   }
}